model,rep,method,alpha,penalize_diag,target,lambda,KL,L2,SP,edges,F1,MCC,TP,TN,FP,FN,PRAUC,ROCAUC
1,23,glasso,0.2,TRUE,None,0.05011872336272725,34.5753549908207,6.907052406829005,1.3909702693158097,1465,0.4567420109119252,0,1465,0,0,3485,0.9997979797979798,0
1,23,glasso,0.35,TRUE,None,0.04731512589614805,35.51902333359283,6.791688309306138,1.3826715786783539,1472,0.4581840834760941,0,1471,0,0,3479,0.9997979797979798,0
1,23,glasso,0.5,TRUE,None,0.05011872336272725,34.5753549908207,6.907052406829005,1.3909702693158097,1465,0.4567420109119252,0,1465,0,0,3485,0.9997979797979798,0
1,23,glasso,0.65,TRUE,None,0.04731512589614805,35.51902333359283,6.791688309306138,1.3826715786783539,1472,0.4581840834760941,0,1471,0,0,3479,0.9997979797979798,0
1,23,glasso,0.8,TRUE,None,0.04731512589614805,35.51902333359283,6.791688309306138,1.3826715786783539,1472,0.4581840834760941,0,1471,0,0,3479,0.9997979797979798,0
1,23,glasso,0.2,TRUE,Identity,0.04731512589614805,35.53300932433359,6.791728091356868,1.3826793566413238,1472,0.4584241669261912,0,1472,0,0,3478,0.9997979797979798,0
1,23,glasso,0.35,TRUE,Identity,0.05011872336272725,34.54147048665351,6.90707578101449,1.3909701496377245,1465,0.4567420109119252,0,1465,0,0,3485,0.9997979797979798,0
1,23,glasso,0.5,TRUE,Identity,0.04731512589614805,35.53300932433359,6.791728091356868,1.3826793566413238,1472,0.4584241669261912,0,1472,0,0,3478,0.9997979797979798,0
1,23,glasso,0.65,TRUE,Identity,0.04731512589614805,35.53300932433359,6.791728091356868,1.3826793566413238,1472,0.4584241669261912,0,1472,0,0,3478,0.9997979797979798,0
1,23,glasso,0.8,TRUE,Identity,0.04731512589614805,35.53300932433359,6.791728091356868,1.3826793566413238,1472,0.4584241669261912,0,1472,0,0,3478,0.9997979797979798,0
1,23,glasso,0.2,TRUE,vIdentity,0.04731512589614805,35.53300932433359,6.791728091356868,1.3826793566413238,1472,0.4584241669261912,0,1472,0,0,3478,0.9997979797979798,0
1,23,glasso,0.35,TRUE,vIdentity,0.04731512589614805,35.53300932433359,6.791728091356868,1.3826793566413238,1472,0.4584241669261912,0,1472,0,0,3478,0.9997979797979798,0
1,23,glasso,0.5,TRUE,vIdentity,0.05011872336272725,34.54147048665351,6.90707578101449,1.3909701496377245,1465,0.4567420109119252,0,1465,0,0,3485,0.9997979797979798,0
1,23,glasso,0.65,TRUE,vIdentity,0.05011872336272725,34.54147048665351,6.90707578101449,1.3909701496377245,1465,0.4567420109119252,0,1465,0,0,3485,0.9997979797979798,0
1,23,glasso,0.8,TRUE,vIdentity,0.04731512589614805,35.53300932433359,6.791728091356868,1.3826793566413238,1472,0.4584241669261912,0,1472,0,0,3478,0.9997979797979798,0
1,23,glasso,0.2,TRUE,Eigenvalue,0.0707945784384138,67.48733851747284,7.080933896149516,1.6854252069299993,1226,0.39702072538860106,0,1226,0,0,3724,0.9997979797979798,0
1,23,glasso,0.35,TRUE,Eigenvalue,0.07498942093324558,68.25186614685958,7.0809683928733245,1.6856388609497064,1226,0.39702072538860106,0,1226,0,0,3724,0.9997979797979798,0
1,23,glasso,0.5,TRUE,Eigenvalue,0.06683439175686148,66.79800764400326,7.08082563460878,1.6851801756805647,1226,0.39702072538860106,0,1226,0,0,3724,0.9997979797979798,0
1,23,glasso,0.65,TRUE,Eigenvalue,0.06683439175686148,66.79800764400326,7.08082563460878,1.6851801756805647,1226,0.39702072538860106,0,1226,0,0,3724,0.9997979797979798,0
1,23,glasso,0.8,TRUE,Eigenvalue,0.0707945784384138,67.48733851747284,7.080933896149516,1.6854252069299993,1226,0.39702072538860106,0,1226,0,0,3724,0.9997979797979798,0
1,23,glasso,0.2,TRUE,MSC,0.04731512589614805,35.53300932433359,6.791728091356868,1.3826793566413238,1472,0.4584241669261912,0,1472,0,0,3478,0.9997979797979798,0
1,23,glasso,0.35,TRUE,MSC,0.04731512589614805,35.53300932433359,6.791728091356868,1.3826793566413238,1472,0.4584241669261912,0,1472,0,0,3478,0.9997979797979798,0
1,23,glasso,0.5,TRUE,MSC,0.04731512589614805,35.53300932433359,6.791728091356868,1.3826793566413238,1472,0.4584241669261912,0,1472,0,0,3478,0.9997979797979798,0
1,23,glasso,0.65,TRUE,MSC,0.04731512589614805,35.53300932433359,6.791728091356868,1.3826793566413238,1472,0.4584241669261912,0,1472,0,0,3478,0.9997979797979798,0
1,23,glasso,0.8,TRUE,MSC,0.05011872336272725,34.54147048665351,6.90707578101449,1.3909701496377245,1465,0.4567420109119252,0,1465,0,0,3485,0.9997979797979798,0
1,23,glasso,0.2,TRUE,Regression,0.05623413251903491,42.40430862619422,6.700599152618695,1.3380153931074863,1400,0.4409448818897638,0,1400,0,0,3550,0.9997979797979798,0
1,23,glasso,0.35,TRUE,Regression,0.05011872336272725,41.287629525121986,6.670215027280389,1.332662303784576,1406,0.4424166142227816,0,1406,0,0,3544,0.9997979797979798,0
1,23,glasso,0.5,TRUE,Regression,0.05623413251903491,41.490879383952944,6.744353378644049,1.3410722011557572,1404,0.44192634560906513,0,1404,0,0,3546,0.9997979797979798,0
1,23,glasso,0.65,TRUE,Regression,0.05011872336272725,40.968878466629434,6.628756202439061,1.3377269602409059,1412,0.44388557057529077,0,1412,0,0,3538,0.9997979797979798,0
1,23,glasso,0.8,TRUE,Regression,0.05956621435290106,41.98066134513499,6.7288923552029525,1.3415306337984139,1398,0.44045368620037806,0,1398,0,0,3552,0.9997979797979798,0
1,23,glasso,0.2,TRUE,TrueDiag,0.0707945784384138,59.76880430395548,6.082217343202896,1.196003463964165,1283,0.41167976897160274,0,1283,0,0,3667,0.9997979797979798,0
1,23,glasso,0.35,TRUE,TrueDiag,0.06309573444801933,58.155670260566865,6.0830387139504785,1.1961094587401648,1285,0.41218925421010427,0,1285,0,0,3665,0.9997979797979798,0
1,23,glasso,0.5,TRUE,TrueDiag,0.0707945784384138,59.76880430395548,6.082217343202896,1.196003463964165,1283,0.41167976897160274,0,1283,0,0,3667,0.9997979797979798,0
1,23,glasso,0.65,TRUE,TrueDiag,0.0707945784384138,59.76880430395548,6.082217343202896,1.196003463964165,1283,0.41167976897160274,0,1283,0,0,3667,0.9997979797979798,0
1,23,glasso,0.8,TRUE,TrueDiag,0.06683439175686148,58.99834765274633,6.082210788425912,1.1960900963542689,1284,0.41193455245428295,0,1284,0,0,3666,0.9997979797979798,0
1,23,glasso,0.2,FALSE,None,0.07943282347242818,42.23154989822592,6.484921833209231,1.3462771053782818,1414,0.44437460716530486,0,1414,0,0,3536,0.9997979797979798,0
1,23,glasso,0.35,FALSE,None,0.07498942093324558,42.72240826021738,6.413800865219519,1.3367380277015548,1404,0.44192634560906513,0,1404,0,0,3546,0.9997979797979798,0
1,23,glasso,0.5,FALSE,None,0.08413951416451952,41.68528197153017,6.567706845851742,1.3561552620354036,1421,0.4460838172971276,0,1421,0,0,3529,0.9997979797979799,0
1,23,glasso,0.65,FALSE,None,0.06683439175686148,43.72786995185572,6.3039725012003975,1.3189165334418453,1385,0.43725335438042623,0,1385,0,0,3565,0.9997979797979798,0
1,23,glasso,0.8,FALSE,None,0.0707945784384138,43.21713086805329,6.353766640196812,1.3276352498685307,1398,0.44045368620037806,0,1398,0,0,3552,0.9997979797979798,0
1,23,glasso,0.2,FALSE,None,0.08413951416451952,41.68528197153017,6.567706845851742,1.3561552620354036,1421,0.4460838172971276,0,1421,0,0,3529,0.9997979797979799,0
1,23,glasso,0.35,FALSE,None,0.0707945784384138,43.21713086805329,6.353766640196812,1.3276352498685307,1398,0.44045368620037806,0,1398,0,0,3552,0.9997979797979798,0
1,23,glasso,0.5,FALSE,None,0.07498942093324558,42.72240826021738,6.413800865219519,1.3367380277015548,1404,0.44192634560906513,0,1404,0,0,3546,0.9997979797979798,0
1,23,glasso,0.65,FALSE,None,0.06683439175686148,43.72786995185572,6.3039725012003975,1.3189165334418453,1385,0.43725335438042623,0,1385,0,0,3565,0.9997979797979798,0
1,23,glasso,0.8,FALSE,None,0.08413951416451952,41.68528197153017,6.567706845851742,1.3561552620354036,1421,0.4460838172971276,0,1421,0,0,3529,0.9997979797979799,0
1,23,glasso,0.2,FALSE,None,0.07943282347242818,42.23154989822592,6.484921833209231,1.3462771053782818,1414,0.44437460716530486,0,1414,0,0,3536,0.9997979797979798,0
1,23,glasso,0.35,FALSE,None,0.0707945784384138,43.21713086805329,6.353766640196812,1.3276352498685307,1398,0.44045368620037806,0,1398,0,0,3552,0.9997979797979798,0
1,23,glasso,0.5,FALSE,None,0.08413951416451952,41.68528197153017,6.567706845851742,1.3561552620354036,1421,0.4460838172971276,0,1421,0,0,3529,0.9997979797979799,0
1,23,glasso,0.65,FALSE,None,0.07498942093324558,42.72240826021738,6.413800865219519,1.3367380277015548,1404,0.44192634560906513,0,1404,0,0,3546,0.9997979797979798,0
1,23,glasso,0.8,FALSE,None,0.0707945784384138,43.21713086805329,6.353766640196812,1.3276352498685307,1398,0.44045368620037806,0,1398,0,0,3552,0.9997979797979798,0
1,23,glasso,0.2,FALSE,None,0.0707945784384138,43.21713086805329,6.353766640196812,1.3276352498685307,1398,0.44045368620037806,0,1398,0,0,3552,0.9997979797979798,0
1,23,glasso,0.35,FALSE,None,0.07498942093324558,42.72240826021738,6.413800865219519,1.3367380277015548,1404,0.44192634560906513,0,1404,0,0,3546,0.9997979797979798,0
1,23,glasso,0.5,FALSE,None,0.07498942093324558,42.72240826021738,6.413800865219519,1.3367380277015548,1404,0.44192634560906513,0,1404,0,0,3546,0.9997979797979798,0
1,23,glasso,0.65,FALSE,None,0.07498942093324558,42.72240826021738,6.413800865219519,1.3367380277015548,1404,0.44192634560906513,0,1404,0,0,3546,0.9997979797979798,0
1,23,glasso,0.8,FALSE,None,0.07498942093324558,42.72240826021738,6.413800865219519,1.3367380277015548,1404,0.44192634560906513,0,1404,0,0,3546,0.9997979797979798,0
1,23,glasso,0.2,FALSE,None,0.07498942093324558,42.72240826021738,6.413800865219519,1.3367380277015548,1404,0.44192634560906513,0,1404,0,0,3546,0.9997979797979798,0
1,23,glasso,0.35,FALSE,None,0.07498942093324558,42.72240826021738,6.413800865219519,1.3367380277015548,1404,0.44192634560906513,0,1404,0,0,3546,0.9997979797979798,0
1,23,glasso,0.5,FALSE,None,0.08413951416451952,41.68528197153017,6.567706845851742,1.3561552620354036,1421,0.4460838172971276,0,1421,0,0,3529,0.9997979797979799,0
1,23,glasso,0.65,FALSE,None,0.07498942093324558,42.72240826021738,6.413800865219519,1.3367380277015548,1404,0.44192634560906513,0,1404,0,0,3546,0.9997979797979798,0
1,23,glasso,0.8,FALSE,None,0.07498942093324558,42.72240826021738,6.413800865219519,1.3367380277015548,1404,0.44192634560906513,0,1404,0,0,3546,0.9997979797979798,0
1,23,glasso,0.2,FALSE,None,0.08912509381337459,41.03697887226048,6.662849199781054,1.3663696139467707,1431,0.44851904090267986,0,1431,0,0,3519,0.9997979797979798,0
1,23,glasso,0.35,FALSE,None,0.08413951416451952,41.68528197153017,6.567706845851742,1.3561552620354036,1421,0.4460838172971276,0,1421,0,0,3529,0.9997979797979799,0
1,23,glasso,0.5,FALSE,None,0.0707945784384138,43.21713086805329,6.353766640196812,1.3276352498685307,1398,0.44045368620037806,0,1398,0,0,3552,0.9997979797979798,0
1,23,glasso,0.65,FALSE,None,0.07943282347242818,42.23154989822592,6.484921833209231,1.3462771053782818,1414,0.44437460716530486,0,1414,0,0,3536,0.9997979797979798,0
1,23,glasso,0.8,FALSE,None,0.06683439175686148,43.72786995185572,6.3039725012003975,1.3189165334418453,1385,0.43725335438042623,0,1385,0,0,3565,0.9997979797979798,0
1,23,glasso,0.2,FALSE,None,0.0707945784384138,43.21713086805329,6.353766640196812,1.3276352498685307,1398,0.44045368620037806,0,1398,0,0,3552,0.9997979797979798,0
1,23,glasso,0.35,FALSE,None,0.0707945784384138,43.21713086805329,6.353766640196812,1.3276352498685307,1398,0.44045368620037806,0,1398,0,0,3552,0.9997979797979798,0
1,23,glasso,0.5,FALSE,None,0.0707945784384138,43.21713086805329,6.353766640196812,1.3276352498685307,1398,0.44045368620037806,0,1398,0,0,3552,0.9997979797979798,0
1,23,glasso,0.65,FALSE,None,0.07943282347242818,42.23154989822592,6.484921833209231,1.3462771053782818,1414,0.44437460716530486,0,1414,0,0,3536,0.9997979797979798,0
1,23,glasso,0.8,FALSE,None,0.07498942093324558,42.72240826021738,6.413800865219519,1.3367380277015548,1404,0.44192634560906513,0,1404,0,0,3546,0.9997979797979798,0
1,23,rope,0.2,TRUE,None,0.08912509381337459,30.93878782079031,9.55611023608655,1.832286061242731,4950,0.9998989796949187,0,4949,0,0,1,0.9997979797979798,0
1,23,rope,0.35,TRUE,None,0.08413951416451952,32.23255999937612,9.501395957732433,1.8298630722207037,4950,0.9997979389775712,0,4948,0,0,2,0.9997979797979798,0
1,23,rope,0.5,TRUE,None,0.08912509381337459,30.93878782079031,9.55611023608655,1.832286061242731,4950,0.9998989796949187,0,4949,0,0,1,0.9997979797979798,0
1,23,rope,0.65,TRUE,None,0.08912509381337459,30.93878782079031,9.55611023608655,1.832286061242731,4950,0.9998989796949187,0,4949,0,0,1,0.9997979797979798,0
1,23,rope,0.8,TRUE,None,0.09440608762859236,29.703905148580134,9.630739963985784,1.8348218176934934,4950,0.9998989796949187,0,4949,0,0,1,0.9997979797979798,0
1,23,rope,0.2,TRUE,Identity,0.16788040181225605,30.182830493658315,8.96578409674431,1.7673335200803655,4950,1,0,4950,0,0,0,0.9997979797979798,0
1,23,rope,0.35,TRUE,Identity,0.16788040181225605,30.182830493658315,8.96578409674431,1.7673335200803655,4950,1,0,4950,0,0,0,0.9997979797979798,0
1,23,rope,0.5,TRUE,Identity,0.16788040181225605,30.182830493658315,8.96578409674431,1.7673335200803655,4950,1,0,4950,0,0,0,0.9997979797979798,0
1,23,rope,0.65,TRUE,Identity,0.18836490894898,28.39219946314506,9.126551815802584,1.7655094384799905,4950,1,0,4950,0,0,0,0.9997979797979798,0
1,23,rope,0.8,TRUE,Identity,0.18836490894898,28.39219946314506,9.126551815802584,1.7655094384799905,4950,1,0,4950,0,0,0,0.9997979797979798,0
1,23,rope,0.2,TRUE,vIdentity,0.16788040181225605,30.182830493658315,8.96578409674431,1.7673335200803655,4950,1,0,4950,0,0,0,0.9997979797979798,0
1,23,rope,0.35,TRUE,vIdentity,0.16788040181225605,30.182830493658315,8.96578409674431,1.7673335200803655,4950,1,0,4950,0,0,0,0.9997979797979798,0
1,23,rope,0.5,TRUE,vIdentity,0.16788040181225605,30.182830493658315,8.96578409674431,1.7673335200803655,4950,1,0,4950,0,0,0,0.9997979797979798,0
1,23,rope,0.65,TRUE,vIdentity,0.16788040181225605,30.182830493658315,8.96578409674431,1.7673335200803655,4950,1,0,4950,0,0,0,0.9997979797979798,0
1,23,rope,0.8,TRUE,vIdentity,0.15848931924611143,31.139359385036073,8.90107649996072,1.7681841284918156,4950,1,0,4950,0,0,0,0.9997979797979798,0
1,23,rope,0.2,TRUE,Eigenvalue,0.0707945784384138,143.98488786145253,19.664083154865477,3.878898824136188,4950,1,0,4950,0,0,0,0.9997979797979798,0
1,23,rope,0.35,TRUE,Eigenvalue,0.06683439175686148,143.29867282853934,19.84258069805834,3.951460269462615,4950,0.9998989796949187,0,4949,0,0,1,0.9997979797979798,0
1,23,rope,0.5,TRUE,Eigenvalue,0.0707945784384138,143.98488786145253,19.664083154865477,3.878898824136188,4950,1,0,4950,0,0,0,0.9997979797979798,0
1,23,rope,0.65,TRUE,Eigenvalue,0.06683439175686148,143.29867282853934,19.84258069805834,3.951460269462615,4950,0.9998989796949187,0,4949,0,0,1,0.9997979797979798,0
1,23,rope,0.8,TRUE,Eigenvalue,0.06683439175686148,143.29867282853934,19.84258069805834,3.951460269462615,4950,0.9998989796949187,0,4949,0,0,1,0.9997979797979798,0
1,23,rope,0.2,TRUE,MSC,1,26.01905684657639,7.537774773946631,1.304635366254667,4950,0.9997979389775712,0,4948,0,0,2,0.9997979797979798,0
1,23,rope,0.35,TRUE,MSC,1,26.01905684657639,7.537774773946631,1.304635366254667,4950,0.9997979389775712,0,4948,0,0,2,0.9997979797979798,0
1,23,rope,0.5,TRUE,MSC,1,26.01905684657639,7.537774773946631,1.304635366254667,4950,0.9997979389775712,0,4948,0,0,2,0.9997979797979798,0
1,23,rope,0.65,TRUE,MSC,1,26.01905684657639,7.537774773946631,1.304635366254667,4950,0.9997979389775712,0,4948,0,0,2,0.9997979797979798,0
1,23,rope,0.8,TRUE,MSC,1,26.01905684657639,7.537774773946631,1.304635366254667,4950,0.9997979389775712,0,4948,0,0,2,0.9997979797979798,0
1,23,rope,0.2,TRUE,Regression,1,35.823445058563806,4.9873137640975305,1.07364057961795,4950,0.9998989796949187,0,4949,0,0,1,0.9997979797979798,0
1,23,rope,0.35,TRUE,Regression,1,36.464035346669704,5.018709670406904,1.0709585245616533,4950,0.9997979389775712,0,4948,0,0,2,0.9997979797979798,0
1,23,rope,0.5,TRUE,Regression,1,36.46092345917032,4.97664403034622,1.057305006957299,4950,0.9998989796949187,0,4949,0,0,1,0.9997979797979798,0
1,23,rope,0.65,TRUE,Regression,1,35.657776158362765,5.009420466692779,1.0805306278604678,4950,0.9998989796949187,0,4949,0,0,1,0.9997979797979798,0
1,23,rope,0.8,TRUE,Regression,1,36.01029231041528,4.980666059517926,1.0636205991507985,4950,1,0,4950,0,0,0,0.9997979797979798,0
1,23,rope,0.2,TRUE,TrueDiag,1,61.30824147495042,2.5769183432015237,0.6908406907521399,4950,0.9998989796949187,0,4949,0,0,1,0.9997979797979798,0
1,23,rope,0.35,TRUE,TrueDiag,1,61.30824147495042,2.5769183432015237,0.6908406907521399,4950,0.9998989796949187,0,4949,0,0,1,0.9997979797979798,0
1,23,rope,0.5,TRUE,TrueDiag,1,61.30824147495042,2.5769183432015237,0.6908406907521399,4950,0.9998989796949187,0,4949,0,0,1,0.9997979797979798,0
1,23,rope,0.65,TRUE,TrueDiag,1,61.30824147495042,2.5769183432015237,0.6908406907521399,4950,0.9998989796949187,0,4949,0,0,1,0.9997979797979798,0
1,23,rope,0.8,TRUE,TrueDiag,1,61.30824147495042,2.5769183432015237,0.6908406907521399,4950,0.9998989796949187,0,4949,0,0,1,0.9997979797979798,0
1,23,rope,0.2,FALSE,None,0.08912509381337459,30.93878782079031,9.55611023608655,1.832286061242731,4950,0.9998989796949187,0,4949,0,0,1,0.9997979797979798,0
1,23,rope,0.35,FALSE,None,0.09440608762859236,29.703905148580134,9.630739963985784,1.8348218176934934,4950,0.9998989796949187,0,4949,0,0,1,0.9997979797979798,0
1,23,rope,0.5,FALSE,None,0.09440608762859236,29.703905148580134,9.630739963985784,1.8348218176934934,4950,0.9998989796949187,0,4949,0,0,1,0.9997979797979798,0
1,23,rope,0.65,FALSE,None,0.08413951416451952,32.23255999937612,9.501395957732433,1.8298630722207037,4950,0.9997979389775712,0,4948,0,0,2,0.9997979797979798,0
1,23,rope,0.8,FALSE,None,0.08912509381337459,30.93878782079031,9.55611023608655,1.832286061242731,4950,0.9998989796949187,0,4949,0,0,1,0.9997979797979798,0
1,23,rope,0.2,FALSE,None,0.08413951416451952,32.23255999937612,9.501395957732433,1.8298630722207037,4950,0.9997979389775712,0,4948,0,0,2,0.9997979797979798,0
1,23,rope,0.35,FALSE,None,0.08413951416451952,32.23255999937612,9.501395957732433,1.8298630722207037,4950,0.9997979389775712,0,4948,0,0,2,0.9997979797979798,0
1,23,rope,0.5,FALSE,None,0.08413951416451952,32.23255999937612,9.501395957732433,1.8298630722207037,4950,0.9997979389775712,0,4948,0,0,2,0.9997979797979798,0
1,23,rope,0.65,FALSE,None,0.08912509381337459,30.93878782079031,9.55611023608655,1.832286061242731,4950,0.9998989796949187,0,4949,0,0,1,0.9997979797979798,0
1,23,rope,0.8,FALSE,None,0.08912509381337459,30.93878782079031,9.55611023608655,1.832286061242731,4950,0.9998989796949187,0,4949,0,0,1,0.9997979797979798,0
1,23,rope,0.2,FALSE,None,0.08912509381337459,30.93878782079031,9.55611023608655,1.832286061242731,4950,0.9998989796949187,0,4949,0,0,1,0.9997979797979798,0
1,23,rope,0.35,FALSE,None,0.09440608762859236,29.703905148580134,9.630739963985784,1.8348218176934934,4950,0.9998989796949187,0,4949,0,0,1,0.9997979797979798,0
1,23,rope,0.5,FALSE,None,0.08912509381337459,30.93878782079031,9.55611023608655,1.832286061242731,4950,0.9998989796949187,0,4949,0,0,1,0.9997979797979798,0
1,23,rope,0.65,FALSE,None,0.08912509381337459,30.93878782079031,9.55611023608655,1.832286061242731,4950,0.9998989796949187,0,4949,0,0,1,0.9997979797979798,0
1,23,rope,0.8,FALSE,None,0.08912509381337459,30.93878782079031,9.55611023608655,1.832286061242731,4950,0.9998989796949187,0,4949,0,0,1,0.9997979797979798,0
1,23,rope,0.2,FALSE,None,0.08912509381337459,30.93878782079031,9.55611023608655,1.832286061242731,4950,0.9998989796949187,0,4949,0,0,1,0.9997979797979798,0
1,23,rope,0.35,FALSE,None,0.09440608762859236,29.703905148580134,9.630739963985784,1.8348218176934934,4950,0.9998989796949187,0,4949,0,0,1,0.9997979797979798,0
1,23,rope,0.5,FALSE,None,0.08912509381337459,30.93878782079031,9.55611023608655,1.832286061242731,4950,0.9998989796949187,0,4949,0,0,1,0.9997979797979798,0
1,23,rope,0.65,FALSE,None,0.08912509381337459,30.93878782079031,9.55611023608655,1.832286061242731,4950,0.9998989796949187,0,4949,0,0,1,0.9997979797979798,0
1,23,rope,0.8,FALSE,None,0.08912509381337459,30.93878782079031,9.55611023608655,1.832286061242731,4950,0.9998989796949187,0,4949,0,0,1,0.9997979797979798,0
1,23,rope,0.2,FALSE,None,0.08912509381337459,30.93878782079031,9.55611023608655,1.832286061242731,4950,0.9998989796949187,0,4949,0,0,1,0.9997979797979798,0
1,23,rope,0.35,FALSE,None,0.09440608762859236,29.703905148580134,9.630739963985784,1.8348218176934934,4950,0.9998989796949187,0,4949,0,0,1,0.9997979797979798,0
1,23,rope,0.5,FALSE,None,0.08912509381337459,30.93878782079031,9.55611023608655,1.832286061242731,4950,0.9998989796949187,0,4949,0,0,1,0.9997979797979798,0
1,23,rope,0.65,FALSE,None,0.08912509381337459,30.93878782079031,9.55611023608655,1.832286061242731,4950,0.9998989796949187,0,4949,0,0,1,0.9997979797979798,0
1,23,rope,0.8,FALSE,None,0.08912509381337459,30.93878782079031,9.55611023608655,1.832286061242731,4950,0.9998989796949187,0,4949,0,0,1,0.9997979797979798,0
1,23,rope,0.2,FALSE,None,0.08413951416451952,32.23255999937612,9.501395957732433,1.8298630722207037,4950,0.9997979389775712,0,4948,0,0,2,0.9997979797979798,0
1,23,rope,0.35,FALSE,None,0.08413951416451952,32.23255999937612,9.501395957732433,1.8298630722207037,4950,0.9997979389775712,0,4948,0,0,2,0.9997979797979798,0
1,23,rope,0.5,FALSE,None,0.09440608762859236,29.703905148580134,9.630739963985784,1.8348218176934934,4950,0.9998989796949187,0,4949,0,0,1,0.9997979797979798,0
1,23,rope,0.65,FALSE,None,0.08912509381337459,30.93878782079031,9.55611023608655,1.832286061242731,4950,0.9998989796949187,0,4949,0,0,1,0.9997979797979798,0
1,23,rope,0.8,FALSE,None,0.09440608762859236,29.703905148580134,9.630739963985784,1.8348218176934934,4950,0.9998989796949187,0,4949,0,0,1,0.9997979797979798,0
1,23,rope,0.2,FALSE,None,0.08912509381337459,30.93878782079031,9.55611023608655,1.832286061242731,4950,0.9998989796949187,0,4949,0,0,1,0.9997979797979798,0
1,23,rope,0.35,FALSE,None,0.08413951416451952,32.23255999937612,9.501395957732433,1.8298630722207037,4950,0.9997979389775712,0,4948,0,0,2,0.9997979797979798,0
1,23,rope,0.5,FALSE,None,0.08912509381337459,30.93878782079031,9.55611023608655,1.832286061242731,4950,0.9998989796949187,0,4949,0,0,1,0.9997979797979798,0
1,23,rope,0.65,FALSE,None,0.08912509381337459,30.93878782079031,9.55611023608655,1.832286061242731,4950,0.9998989796949187,0,4949,0,0,1,0.9997979797979798,0
1,23,rope,0.8,FALSE,None,0.09440608762859236,29.703905148580134,9.630739963985784,1.8348218176934934,4950,0.9998989796949187,0,4949,0,0,1,0.9997979797979798,0
1,23,gelnet,0.2,TRUE,None,0.07498942093324558,29.27195950627521,8.429201523517145,1.6794062494558428,3068,0.7652781242205039,0,3068,0,0,1882,0.9997979797979798,0
1,23,gelnet,0.35,TRUE,None,0.0707945784384138,28.666311335896154,8.018020883472786,1.566195089890313,2301,0.634671079851055,0,2301,0,0,2649,0.9997979797979798,0
1,23,gelnet,0.5,TRUE,None,0.06309573444801933,30.209460017316133,7.589171766707162,1.4928166098866869,1887,0.5519964896884598,0,1887,0,0,3063,0.9997979797979798,0
1,23,gelnet,0.65,TRUE,None,0.05956621435290106,30.60640204620705,7.368928797731629,1.4415169330504387,1681,0.5070125169657669,0,1681,0,0,3269,0.9997979797979798,0
1,23,gelnet,0.8,TRUE,None,0.05623413251903491,31.81589644696072,7.1917249974795965,1.4143778600178751,1565,0.4804297774366846,0,1565,0,0,3385,0.9997979797979799,0
1,23,gelnet,0.2,TRUE,Identity,0.1188502227437019,28.072983820007124,7.9330066352240065,1.5324555295249627,2449,0.6619813488309231,0,2449,0,0,2501,0.9997979797979799,0
1,23,gelnet,0.35,TRUE,Identity,0.08912509381337459,30.331789881663155,7.422212065194304,1.4652385552435387,1975,0.5703971119133574,0,1975,0,0,2975,0.9997979797979798,0
1,23,gelnet,0.5,TRUE,Identity,0.07498942093324558,31.170765519234067,7.2070359285915515,1.4254094783040168,1742,0.5206216377764495,0,1742,0,0,3208,0.9997979797979798,0
1,23,gelnet,0.65,TRUE,Identity,0.06309573444801933,32.70253214956614,7.00508934904613,1.4050471713410395,1630,0.49544072948328266,0,1630,0,0,3320,0.9997979797979798,0
1,23,gelnet,0.8,TRUE,Identity,0.05623413251903491,33.61749095814952,6.930481086721719,1.3933839232163006,1545,0.47575057736720555,0,1545,0,0,3405,0.9997979797979798,0
1,23,gelnet,0.2,TRUE,vIdentity,0.12589254117941676,27.284766959585767,8.06189122055433,1.5227631519889857,2377,0.6486486486486487,0,2376,0,0,2574,0.9997979797979798,0
1,23,gelnet,0.35,TRUE,vIdentity,0.08912509381337459,30.331789881663155,7.422212065194304,1.4652385552435387,1975,0.5703971119133574,0,1975,0,0,2975,0.9997979797979798,0
1,23,gelnet,0.5,TRUE,vIdentity,0.07498942093324558,31.170765519234067,7.2070359285915515,1.4254094783040168,1742,0.5206216377764495,0,1742,0,0,3208,0.9997979797979798,0
1,23,gelnet,0.65,TRUE,vIdentity,0.06683439175686148,31.680399048494735,7.135829074764054,1.4072199163087151,1622,0.4936092513694461,0,1622,0,0,3328,0.9997979797979798,0
1,23,gelnet,0.8,TRUE,vIdentity,0.05623413251903491,33.61749095814952,6.930481086721719,1.3933839232163006,1545,0.47575057736720555,0,1545,0,0,3405,0.9997979797979798,0
1,23,gelnet,0.2,TRUE,Eigenvalue,0.06683439175686148,116.28874662436826,14.688618566660761,2.873740349784644,3184,0.7828866486353577,0,3184,0,0,1766,0.9997979797979798,0
1,23,gelnet,0.35,TRUE,Eigenvalue,0.0707945784384138,104.65253451144676,11.686625618517857,2.4129607780027396,2172,0.6099410278011794,0,2172,0,0,2778,0.9997979797979799,0
1,23,gelnet,0.5,TRUE,Eigenvalue,0.06309573444801933,92.4851421883028,9.95488582100991,2.135218242633729,1729,0.5177421769726007,0,1729,0,0,3221,0.9997979797979799,0
1,23,gelnet,0.65,TRUE,Eigenvalue,0.06309573444801933,81.19227040029813,8.66924329310939,1.9764127239138822,1409,0.4429065743944637,0,1408,0,0,3542,0.9997979797979799,0
1,23,gelnet,0.8,TRUE,Eigenvalue,0.05956621435290106,73.16723140108306,7.841607525490126,1.8547791356650103,1291,0.4137157506809806,0,1291,0,0,3659,0.9997979797979798,0
1,23,gelnet,0.2,TRUE,MSC,0.1778279410038923,29.93956839485287,6.922807497822962,1.358482676586549,2091,0.593949723050703,0,2091,0,0,2859,0.9997979797979799,0
1,23,gelnet,0.35,TRUE,MSC,0.11220184543019641,32.20694333977542,6.783159868869838,1.3673270291900297,1803,0.5339848956019547,0,1803,0,0,3147,0.9997979797979798,0
1,23,gelnet,0.5,TRUE,MSC,0.08912509381337459,32.6283441809685,6.865145494185297,1.3733314580091447,1669,0.5040797824116047,0,1668,0,0,3282,0.9997979797979798,0
1,23,gelnet,0.65,TRUE,MSC,0.07498942093324558,32.786775724003235,6.9616690542646635,1.3843548032111586,1594,0.48693259972489683,0,1593,0,0,3357,0.9997979797979798,0
1,23,gelnet,0.8,TRUE,MSC,0.05956621435290106,34.30171959578462,6.851412639278621,1.3823820359645533,1526,0.471278567016677,0,1526,0,0,3424,0.9997979797979798,0
1,23,gelnet,0.2,TRUE,Regression,0.9440608762859236,57.464036522892684,5.113729664999797,1.0576173213762448,3470,0.8242280285035629,0,3470,0,0,1480,0.9997979797979798,0
1,23,gelnet,0.35,TRUE,Regression,0.5956621435290109,61.853152077988085,5.476482800161791,1.1232334654391951,2722,0.7095933263816475,0,2722,0,0,2228,0.9997979797979798,0
1,23,gelnet,0.5,TRUE,Regression,0.4466835921509635,67.37042150133612,5.791823619776396,1.1871850259344,2225,0.6200167270699749,0,2224,0,0,2726,0.9997979797979798,0
1,23,gelnet,0.65,TRUE,Regression,0.3548133892335757,71.57379000025526,6.097731266369737,1.2394602792048084,1888,0.5522082480257385,0,1888,0,0,3062,0.9997979797979798,0
1,23,gelnet,0.8,TRUE,Regression,0.0707945784384138,41.71135011139202,6.64442126246221,1.3254666773190782,1470,0.45794392523364486,0,1470,0,0,3480,0.9997979797979798,0
1,23,gelnet,0.2,TRUE,TrueDiag,0.8912509381337459,95.83846336210462,2.6270657412836185,0.6905287274031973,3552,0.8354311257499117,0,3551,0,0,1399,0.9997979797979798,0
1,23,gelnet,0.35,TRUE,TrueDiag,0.6309573444801936,105.07567898601786,3.3280230310406633,0.8222094890150466,2852,0.7309319318036149,0,2851,0,0,2099,0.9997979797979798,0
1,23,gelnet,0.5,TRUE,TrueDiag,0.47315125896148075,106.85545808818833,4.007585921419339,0.9265094650908517,2296,0.6337289539056031,0,2296,0,0,2654,0.9997979797979798,0
1,23,gelnet,0.65,TRUE,TrueDiag,0.3548133892335757,101.66076351355517,4.7061747900346385,1.0194596895089496,1858,0.5456148082855884,0,1857,0,0,3093,0.9997979797979798,0
1,23,gelnet,0.8,TRUE,TrueDiag,0.25118864315095824,89.94483693916862,5.3982659429847555,1.1065933582016618,1539,0.47434119278779474,0,1539,0,0,3411,0.9997979797979798,0
1,23,gelnet,0.2,FALSE,None,0.2818382931264455,36.46730575477423,5.530220223366697,1.193669161502179,2231,0.6213619273081743,0,2231,0,0,2719,0.9997979797979798,0
1,23,gelnet,0.35,FALSE,None,0.19952623149688808,37.43769779143955,5.960051134256476,1.2577321418196086,1922,0.559371362048894,0,1922,0,0,3028,0.9997979797979798,0
1,23,gelnet,0.5,FALSE,None,0.15848931924611143,38.14919230550774,6.256888639045416,1.3006763534232073,1735,0.5190725504861631,0,1735,0,0,3215,0.9997979797979799,0
1,23,gelnet,0.65,FALSE,None,0.1188502227437019,40.05962333268354,6.2845479928083305,1.3135409217379723,1596,0.48739495798319327,0,1595,0,0,3355,0.9997979797979798,0
1,23,gelnet,0.8,FALSE,None,0.08912509381337459,41.92792119899133,6.260137453783423,1.3148388467705685,1479,0.4601026598226785,0,1479,0,0,3471,0.9997979797979798,0
1,23,gelnet,0.2,FALSE,None,0.2818382931264455,36.46730575477423,5.530220223366697,1.193669161502179,2231,0.6213619273081743,0,2231,0,0,2719,0.9997979797979798,0
1,23,gelnet,0.35,FALSE,None,0.1778279410038923,38.82288782267406,5.786055546990704,1.2429672468943713,1870,0.5483870967741935,0,1870,0,0,3080,0.9997979797979798,0
1,23,gelnet,0.5,FALSE,None,0.1333521432163324,39.899213053412666,5.989228474959627,1.2751789994631544,1674,0.5054347826086957,0,1674,0,0,3276,0.9997979797979799,0
1,23,gelnet,0.65,FALSE,None,0.1188502227437019,40.05962333268354,6.2845479928083305,1.3135409217379723,1596,0.48739495798319327,0,1595,0,0,3355,0.9997979797979798,0
1,23,gelnet,0.8,FALSE,None,0.08413951416451952,42.47108471375708,6.202126658178958,1.3064679057321742,1471,0.4581840834760941,0,1471,0,0,3479,0.9997979797979798,0
1,23,gelnet,0.2,FALSE,None,0.26607250597988114,36.93195277663358,5.4475557000816215,1.1876695740309122,2200,0.6153846153846154,0,2200,0,0,2750,0.9997979797979798,0
1,23,gelnet,0.35,FALSE,None,0.223872113856834,36.37824201325927,6.1843432372115,1.2748061510007198,1993,0.5738980121002593,0,1992,0,0,2958,0.9997979797979798,0
1,23,gelnet,0.5,FALSE,None,0.1333521432163324,39.899213053412666,5.989228474959627,1.2751789994631544,1674,0.5054347826086957,0,1674,0,0,3276,0.9997979797979799,0
1,23,gelnet,0.65,FALSE,None,0.11220184543019641,40.653325874839936,6.202050434473677,1.304625735959487,1580,0.48392036753445633,0,1580,0,0,3370,0.9997979797979798,0
1,23,gelnet,0.8,FALSE,None,0.08912509381337459,41.92792119899133,6.260137453783423,1.3148388467705685,1479,0.4601026598226785,0,1479,0,0,3471,0.9997979797979798,0
1,23,gelnet,0.2,FALSE,None,0.26607250597988114,36.93195277663358,5.4475557000816215,1.1876695740309122,2200,0.6153846153846154,0,2200,0,0,2750,0.9997979797979798,0
1,23,gelnet,0.35,FALSE,None,0.18836490894898,38.20418509680812,5.866907427154853,1.2500919356492861,1895,0.5536888239590942,0,1895,0,0,3055,0.9997979797979798,0
1,23,gelnet,0.5,FALSE,None,0.14962356560944343,38.74822912562263,6.155133511954564,1.2916742021529632,1709,0.5132902838264004,0,1709,0,0,3241,0.9997979797979798,0
1,23,gelnet,0.65,FALSE,None,0.12589254117941676,39.329847222502565,6.379614215133176,1.3228935203431873,1608,0.49039341262580055,0,1608,0,0,3342,0.9997979797979798,0
1,23,gelnet,0.8,FALSE,None,0.09440608762859236,41.559859838666796,6.3293378371355224,1.3236342627875708,1497,0.4644020474639367,0,1497,0,0,3453,0.9997979797979798,0
1,23,gelnet,0.2,FALSE,None,0.2818382931264455,36.46730575477423,5.530220223366697,1.193669161502179,2231,0.6213619273081743,0,2231,0,0,2719,0.9997979797979798,0
1,23,gelnet,0.35,FALSE,None,0.18836490894898,38.20418509680812,5.866907427154853,1.2500919356492861,1895,0.5536888239590942,0,1895,0,0,3055,0.9997979797979798,0
1,23,gelnet,0.5,FALSE,None,0.1412537544622754,39.33497524798864,6.065966529040417,1.2832102834223609,1691,0.5092606535160368,0,1691,0,0,3259,0.9997979797979798,0
1,23,gelnet,0.65,FALSE,None,0.10592537251772886,41.378670548514975,6.131686147344266,1.296220153350965,1563,0.47996315062183326,0,1563,0,0,3387,0.9997979797979799,0
1,23,gelnet,0.8,FALSE,None,0.1,41.049255165159906,6.410256701216892,1.3328663431385093,1510,0.46725499303297724,0,1509,0,0,3441,0.9997979797979799,0
1,23,gelnet,0.2,FALSE,None,0.2818382931264455,36.46730575477423,5.530220223366697,1.193669161502179,2231,0.6213619273081743,0,2231,0,0,2719,0.9997979797979798,0
1,23,gelnet,0.35,FALSE,None,0.19952623149688808,37.43769779143955,5.960051134256476,1.2577321418196086,1922,0.559371362048894,0,1922,0,0,3028,0.9997979797979798,0
1,23,gelnet,0.5,FALSE,None,0.1412537544622754,39.33497524798864,6.065966529040417,1.2832102834223609,1691,0.5092606535160368,0,1691,0,0,3259,0.9997979797979798,0
1,23,gelnet,0.65,FALSE,None,0.11220184543019641,40.653325874839936,6.202050434473677,1.304625735959487,1580,0.48392036753445633,0,1580,0,0,3370,0.9997979797979798,0
1,23,gelnet,0.8,FALSE,None,0.1,41.049255165159906,6.410256701216892,1.3328663431385093,1510,0.46725499303297724,0,1509,0,0,3441,0.9997979797979799,0
1,23,gelnet,0.2,FALSE,None,0.31622776601683794,35.542867550625886,5.7306314235143825,1.2067756385693287,2329,0.6399230663552686,0,2329,0,0,2621,0.9997979797979798,0
1,23,gelnet,0.35,FALSE,None,0.1778279410038923,38.82288782267406,5.786055546990704,1.2429672468943713,1870,0.5483870967741935,0,1870,0,0,3080,0.9997979797979798,0
1,23,gelnet,0.5,FALSE,None,0.1333521432163324,39.899213053412666,5.989228474959627,1.2751789994631544,1674,0.5054347826086957,0,1674,0,0,3276,0.9997979797979799,0
1,23,gelnet,0.65,FALSE,None,0.1,41.838404607531004,6.072479814324664,1.2882452982379753,1550,0.47692307692307695,0,1550,0,0,3400,0.9997979797979798,0
1,23,gelnet,0.8,FALSE,None,0.1,41.049255165159906,6.410256701216892,1.3328663431385093,1510,0.46725499303297724,0,1509,0,0,3441,0.9997979797979799,0
